Stock Code,available
ABBEY-03,0
ABBEY-03-BLK-10,0
ABBEY-03-BLK-11,0
ABBEY-03-BLK-12,1
ABBEY-03-BLK-6,0
ABBEY-03-BLK-7,1
ABBEY-03-BLK-8,0
ABBEY-03-BLK-9,0
BD1217-BLK-DIVA,43
BD1217-BLK-M/L,21
BD1217-BLK-QUEEN,41
BD1217-BLK-S/M,5
BD1227,0
BD1227-WHT/RED-DIVA,35
BD1227-WHT/RED-M/L,54
BD1227-WHT/RED-QUEEN,82
BD1227-WHT/RED-S/M,38
BD1231,0
BD1231-BLK/RED-DIVA,80
BD1231-BLK/RED-M/L,137
BD1231-BLK/RED-QUEEN,7
BD1231-BLK/RED-S/M,21
BD1243,0
BD1243-BLK/RED-DIVA,33
BD1243-BLK/RED-M/L,27
BD1243-BLK/RED-QUEEN,31
BD1243-BLK/RED-S/M,10
BD1244,259
BD1246,0
BD1246-BLK-DIVA,4
BD1246-BLK-QUEEN,1
BD1284,0
BD1287,1
BD1291,0
BD1291-BLK/BLU-DIVA,91
BD1291-BLK/BLU-OS,49
BD1291-BLK/BLU-QUEEN,80
BD1297,0
BD1297-BLK/WHT-M/L,66
BD1297-BLK/WHT-S/M,50
BD1298,0
BD1298-BLK/BLU-M/L,25
BD1298-BLK/BLU-QS,0
BD1298-BLK/BLU-QUEEN,29
BD1298-BLK/BLU-S/M,23
BD1301,1
BD1302,0
BD1302-BLK/WHT-DIVA,94
BD1302-BLK/WHT-DS,0
BD1302-BLK/WHT-M/L,88
BD1302-BLK/WHT-QS,0
BD1302-BLK/WHT-QUEEN,91
BD1302-BLK/WHT-S/M,83
BD1303-BLK-M/L,4
BD1305,0
BD1305-CAMO-DIVA,35
BD1305-CAMO-M/L,34
BD1305-CAMO-QUEEN,35
BD1305-CAMO-S/M,30
BD1306,0
BD1306-CAMO-M/L,12
BD1306-CAMO-S/M,23
BD1309-GRN-M/L,23
BD1312,0
BD1312-BLK-DIVA,34
BD1312-BLK-QUEEN,18
BD1322,17
BD1326,16
BD1327,0
BD1327-BLK-DIVA,37
BD1327-BLK-M/L,96
BD1327-BLK-QUEEN,53
BD1327-BLK-S/M,2
BD1331,0
BD1331-BLK-DIVA,33
BD1331-BLK-M/L,20
BD1331-BLK-QUEEN,32
BD1331-BLK-S/M,2
BD1332,0
BD1332-BLK/WHT-M/L,38
BD1332-BLK/WHT-S/M,38
BD1348,0
BD1348-BLK/WHT-DIVA,14
BD1348-BLK/WHT-QUEEN,13
BD1354,23
BD1361,64
BD1362,0
BD1362-BLK/WHT-DIVA,68
BD1362-BLK/WHT-QUEEN,79
BD1363,9
BD1374,10
BD1375,39
BD1376,0
BD1377,21
BE481,105
BE483,98
BE484,21
BE485,11
BE486,134
BE488,64
BE489,115
BE492,81
BE494,126
BE496,39
BE498,118
BE500,50
BE506,126
BE508,126
BE510,66
BE511,34
BE512,129
BE517,115
BE520,72
BE522,33
BE523,75
BE525,90
BE533,120
BE535,108
BE536,136
BE539,18
BE546,56
BE551,48
BE570,62
BE573,118
BE580,115
BE582,81
BE584,75
